start	stop	frame	contig	score	gene	phrog	alnScore	seqIdentity	eVal	top_hit	Method	Region	match_type	gene_hmm	loca	phrog_hmm	alnScore_hmm	seqIdentity_hmm	eVal_hmm	color	annot	category
182	3	-	test	-0.1496680588159223	test0 182_3	24718	66.9	0.507	2.86e-09	NA	PHANOTATE	CDS	hmm	test0	182_3	phrog_24718	66.9	0.507	2.86e-09	#c9c9c9	hypothetical protein	unknown function
382	281	-	test	-37.314799602272885	test1 382_281	7862	78.0	1.0	5.924e-22	JX080301_p192	PHANOTATE	CDS	mmseqs	test1	382_281	phrog_6829	23.1	0.125	1.02	#c9c9c9	hypothetical protein	unknown function
586	419	-	test	-686.1029708992919	test2 586_419	5729	141.0	1.0	2.479e-43	JX080302_p211	PHANOTATE	CDS	mmseqs	test2	586_419	phrog_36057	21.1	0.167	2.63	#c9c9c9	hypothetical protein	unknown function
915	601	-	test	-28627.481019356183	test3 915_601	5741	255.0	1.0	7.729e-82	AP018375_p194	PHANOTATE	CDS	mmseqs	test3	915_601	phrog_8208	39.0	0.176	0.000699	#c9c9c9	hypothetical protein	unknown function
1133	939	-	test	-137.86397555470796	test4 1133_939	4983	151.0	1.0	1.771e-46	JX080302_p209	PHANOTATE	CDS	mmseqs	test4	1133_939	phrog_14219	24.1	0.17	0.652	#c9c9c9	hypothetical protein	unknown function
1468	1139	-	test	-6350.924149481089	test5 1468_1139	4637	165.0	0.861	8.602999999999999e-51	AP018375_p196	PHANOTATE	CDS	mmseqs	test5	1468_1139	phrog_33180	23.6	0.11	0.828	#c9c9c9	hypothetical protein	unknown function
1979	1470	-	test	-258089.73897728292	test6 1979_1470	4855	389.0	1.0	4.3999999999999995e-127	JX080302_p207	PHANOTATE	CDS	mmseqs	test6	1979_1470	phrog_635	51.1	0.057	3e-06	#f35f49	endolysin	lysis
2293	1982	-	test	-4646.816929484896	test7 2293_1982	3224	113.0	0.631	7.586e-33	NC_021328_p223	PHANOTATE	CDS	mmseqs	test7	2293_1982	phrog_2316	45.0	0.105	4.19e-05	#c9c9c9	hypothetical protein	unknown function
2580	2359	-	test	-63.8416654484652	test8 2580_2359	4340	184.0	1.0	6.184e-58	AY954969_p124	PHANOTATE	CDS	mmseqs	test8	2580_2359	phrog_7307	22.7	0.255	1.14	#c9c9c9	hypothetical protein	unknown function
2974	2582	-	test	-199858.21466460152	test9 2974_2582	3847	293.0	1.0	1.367e-94	AY954969_p123	PHANOTATE	CDS	mmseqs	test9	2974_2582	phrog_4691	29.4	0.157	0.0559	#c9c9c9	hypothetical protein	unknown function
3239	2994	-	test	-280.9066389269003	test10 3239_2994	4028	196.0	1.0	7.004e-62	AY954969_p122	PHANOTATE	CDS	mmseqs	test10	3239_2994	phrog_38316	18.4	0.15	8.72	#c9c9c9	hypothetical protein	unknown function
4787	3318	-	test	-6.5311785366307624e+16	test11 4787_3318	448	684.0	0.714	8.361000000000001e-223	NC_031034_p67	PHANOTATE	CDS	mmseqs	test11	4787_3318	phrog_15800	472.9	0.346	1.2300000000000001e-88	#838383	nicotinamide phosphoribosyl transferase	other
5713	4805	-	test	-121311380297.10805	test12 5713_4805	619	246.0	0.478	7.551e-75	NC_024383_p145	PHANOTATE	CDS	mmseqs	test12	5713_4805	phrog_8417	24.0	0.054	0.65	#838383	ribose-phosphate pyrophosphokinase	other
6018	5710	-	test	-3449.980082604233	test13 6018_5710	1099	78.0	0.532	6.5e-21	MH078572_p111	PHANOTATE	CDS	mmseqs	test13	6018_5710	phrog_6562	24.8	0.122	0.467	#c9c9c9	hypothetical protein	unknown function
6400	6110	-	test	-337.68140213838603	test14 6400_6110	4096	231.0	1.0	6.504e-74	JX080304_p199	PHANOTATE	CDS	mmseqs	test14	6400_6110	phrog_1563	23.1	0.082	0.991	#c9c9c9	hypothetical protein	unknown function
6601	6401	-	test	-186.2285460821238	test15 6601_6401	3453	139.0	0.967	4.1740000000000004e-42	KP881332_p117	PHANOTATE	CDS	mmseqs	test15	6601_6401	phrog_35070	25.2	0.137	0.407	#c9c9c9	hypothetical protein	unknown function
6794	6636	-	test	-285.4312129399068	test16 6794_6636	4430	113.0	1.0	1.6499999999999998e-33	NC_025417_p202	PHANOTATE	CDS	mmseqs	test16	6794_6636	phrog_14285	21.8	0.058	1.9	#c9c9c9	hypothetical protein	unknown function
7563	6883	-	test	-21638703.92193512	test17 7563_6883	4650	481.0	1.0	1.107e-157	JX080304_p196	PHANOTATE	CDS	mmseqs	test17	7563_6883	phrog_20161	290.1	1.0	6.84e-53	#c9c9c9	hypothetical protein	unknown function
7881	7564	-	test	-273526.36163157766	test18 7881_7564	4081	244.0	1.0	3.003e-78	NC_025417_p199	PHANOTATE	CDS	mmseqs	test18	7881_7564	phrog_5725	23.2	0.013	0.774	#c9c9c9	hypothetical protein	unknown function
8147	7884	-	test	-1013.6479204450588	test19 8147_7884	4418	217.0	1.0	3.6340000000000003e-69	NC_025417_p198	PHANOTATE	CDS	mmseqs	test19	8147_7884	phrog_2575	18.1	0.16	9.34	#c9c9c9	hypothetical protein	unknown function
8341	8162	-	test	-308.1220758574598	test20 8341_8162	4743	103.0	0.827	6.488e-30	NC_024355_p101	PHANOTATE	CDS	mmseqs	test20	8341_8162	phrog_14631	27.2	0.382	0.164	#c9c9c9	hypothetical protein	unknown function
8681	8418	-	test	-2397.1898880775807	test21 8681_8418	32014	213.0	1.0	6.923999999999999e-66	KJ206562_p189	PHANOTATE	CDS	mmseqs	test21	8681_8418	phrog_4584	235.4	0.792	3.28e-42	#c9c9c9	hypothetical protein	unknown function
8787	8671	-	test	-66.84088085280378	test22 8787_8671	4580	64.0	0.828	9.138e-17	MH028956_p143	PHANOTATE	CDS	mmseqs	test22	8787_8671	phrog_21843	35.9	0.28	0.00328	#a861e3	transcription factor	transcription regulation
9085	8798	-	test	-10652.5606623532	test23 9085_8798	1486	70.0	0.347	5.239e-17	MF288921_p261	PHANOTATE	CDS	mmseqs	test23	9085_8798	phrog_5031	22.4	0.097	1.31	#ff59f5	membrane protein	moron, auxiliary metabolic gene and host takeover
9397	9137	-	test	-333.7150319857414	test24 9397_9137	11913	224.0	1.0	1.167e-71	MF398190_p193	PHANOTATE	CDS	mmseqs	test24	9397_9137	phrog_32014	178.1	0.26	5.37e-31	#c9c9c9	hypothetical protein	unknown function
9800	9399	-	test	-26787.957632772395	test25 9800_9399	1486	127.0	0.513	7.609e-37	MF288921_p261	PHANOTATE	CDS	mmseqs	test25	9800_9399	phrog_23747	26.5	0.121	0.214	#ff59f5	membrane protein	moron, auxiliary metabolic gene and host takeover
9898	9800	-	test	-1.5122405432083517	test26 9898_9800	25662	21.5	0.043	2.17	NA	PHANOTATE	CDS	hmm	test26	9898_9800	phrog_25662	21.5	0.043	2.17	#07e9a2	tail assembly protein	tail
10206	10027	-	test	-219.55441912448512	test27 10206_10027	3701	141.0	1.0	4.004e-43	NC_025426_p82	PHANOTATE	CDS	mmseqs	test27	10206_10027	phrog_28230	18.9	0.196	6.95	#c9c9c9	hypothetical protein	unknown function
10822	10220	-	test	-3036162.529116701	test28 10822_10220	4208	513.0	1.0	1.856e-169	NC_005880_p180	PHANOTATE	CDS	mmseqs	test28	10822_10220	phrog_24670	17.8	0.035	11.1	#ffdf59	HNH endonuclease	DNA, RNA and nucleotide metabolism
11172	10822	-	test	-73543.72402107346	test29 11172_10822	3752	294.0	1.0	3.658e-95	NC_005880_p179	PHANOTATE	CDS	mmseqs	test29	11172_10822	phrog_37698	22.7	0.1	1.25	#c9c9c9	hypothetical protein	unknown function
11492	11187	-	test	-1197.0993514068243	test30 11492_11187	3143	233.0	1.0	2.354e-74	MH107769_p184	PHANOTATE	CDS	mmseqs	test30	11492_11187	phrog_32322	24.8	0.092	0.482	#c9c9c9	hypothetical protein	unknown function
11834	11562	-	test	-574.2243448197033	test31 11834_11562	3804	205.0	1.0	8.417e-65	MH107769_p183	PHANOTATE	CDS	mmseqs	test31	11834_11562	phrog_3751	21.3	0.109	2.29	#c9c9c9	hypothetical protein	unknown function
12187	11840	-	test	-29590.239141370417	test32 12187_11840	2988	167.0	0.823	2.257e-51	NC_020877_p89	PHANOTATE	CDS	mmseqs	test32	12187_11840	phrog_34511	22.8	0.071	1.16	#c9c9c9	hypothetical protein	unknown function
12568	12200	-	test	-245276.41800156792	test33 12568_12200	3669	283.0	1.0	3.406e-91	MH107769_p181	PHANOTATE	CDS	mmseqs	test33	12568_12200	phrog_20496	23.8	0.234	0.787	#c9c9c9	hypothetical protein	unknown function
12763	12581	-	test	-9.78598089037145	test34 12763_12581	3640	154.0	1.0	6.478e-48	MH107769_p180	PHANOTATE	CDS	mmseqs	test34	12763_12581	phrog_1839	18.0	0.167	10.1	#ff59f5	membrane protein	moron, auxiliary metabolic gene and host takeover
13107	12811	-	test	-37354.437552429714	test35 13107_12811	3128	181.0	0.947	1.614e-56	NC_020877_p88	PHANOTATE	CDS	mmseqs	test35	13107_12811	phrog_14441	18.8	0.043	6.53	#c9c9c9	hypothetical protein	unknown function
13276	13100	-	test	-15.522054807305704	test36 13276_13100	3524	121.0	0.974	2.1030000000000002e-36	MF398190_p180	PHANOTATE	CDS	mmseqs	test36	13276_13100	phrog_1294	20.2	0.116	3.05	#c9c9c9	hypothetical protein	unknown function
13536	13288	-	test	-287.4840365598266	test37 13536_13288	4009	167.0	0.956	7.869e-52	KY779849_p187	PHANOTATE	CDS	mmseqs	test37	13536_13288	phrog_1296	17.9	0.067	9.03	#c9c9c9	hypothetical protein	unknown function
14084	13551	-	test	-7234.952680086147	test38 14084_13551	3854	358.0	0.966	3.014e-116	MF398190_p179	PHANOTATE	CDS	mmseqs	test38	14084_13551	phrog_6867	42.5	0.169	0.000174	#ff59f5	ribulose-1;5-bisphosphate carboxylase/oxygenase small subunit	moron, auxiliary metabolic gene and host takeover
14250	14074	-	test	-55.03902627316487	test39 14250_14074	3664	149.0	1.0	4.9180000000000005e-46	MF398190_p178	PHANOTATE	CDS	mmseqs	test39	14250_14074	phrog_10230	20.1	0.032	4.01	#ffdf59	DNA sliding clamp inhibitor; arrest of S.aureus DNA synthesis	DNA, RNA and nucleotide metabolism
14465	14286	-	test	-5.982308053720408	test40 14465_14286	7869	146.0	1.0	6.523e-45	MF398190_p177	PHANOTATE	CDS	mmseqs	test40	14465_14286	phrog_5958	186.4	0.297	1.27e-32	#c9c9c9	hypothetical protein	unknown function
14616	14452	-	test	-88.53178540608498	test41 14616_14452	6754	134.0	1.0	6.747e-41	MF398190_p176	PHANOTATE	CDS	mmseqs	test41	14616_14452	phrog_5958	182.7	0.281	6.92e-32	#c9c9c9	hypothetical protein	unknown function
14863	14621	-	test	-568.0791444037989	test42 14863_14621	3157	166.0	0.971	1.84e-51	EU418428_p169	PHANOTATE	CDS	mmseqs	test42	14863_14621	phrog_21478	18.8	0.081	7.36	#c9c9c9	hypothetical protein	unknown function
15408	15010	-	test	-125.9025506233642	test43 15408_15010	2863	258.0	0.924	3.324e-82	EU418428_p167	PHANOTATE	CDS	mmseqs	test43	15408_15010	phrog_38155	99.7	0.347	1.11e-15	#c9c9c9	hypothetical protein	unknown function
16174	15470	-	test	-3130806.281158836	test44 16174_15470	2726	424.0	0.87	4.514e-138	EU418428_p166	PHANOTATE	CDS	mmseqs	test44	16174_15470	phrog_2350	18.2	0.157	9.55	#c9c9c9	hypothetical protein	unknown function
16634	16191	-	test	-27148.217651513663	test45 16634_16191	1303	131.0	0.532	3.835e-37	NC_020873_p120	PHANOTATE	CDS	mmseqs	test45	16634_16191	phrog_9186	91.1	0.131	5.42e-14	#ffdf59	DNA binding protein	DNA, RNA and nucleotide metabolism
17157	16699	-	test	-43249.76171684758	test46 17157_16699	1104	175.0	0.577	6.018999999999999e-53	NC_021781_p184	PHANOTATE	CDS	mmseqs	test46	17157_16699	phrog_24967	14.4	0.034	51.1	#3e83f6	virion structural protein	head and packaging
17906	17175	-	test	-7191085805.819665	test47 17906_17175	1007	282.0	0.679	8.13e-89	NC_011421_p2	PHANOTATE	CDS	mmseqs	test47	17906_17175	phrog_426	33.9	0.083	0.00587	#c9c9c9	hypothetical protein	unknown function
19141	18278	-	test	-529905426.7877644	test48 19141_18278	1113	217.0	0.425	3.1920000000000003e-65	KJ586795_p34	PHANOTATE	CDS	mmseqs	test48	19141_18278	phrog_18244	16.4	0.085	21.2	#c9c9c9	hypothetical protein	unknown function
19587	19141	-	test	-7282.523112409037	test49 19587_19141	21462	238.0	1.0	1.588e-75	JX875065_p154	PHANOTATE	CDS	mmseqs	test49	19587_19141	phrog_2356	261.4	0.175	2.5e-47	#c9c9c9	hypothetical protein	unknown function
20332	19565	-	test	-2601529.687117804	test50 20332_19565	984	220.0	0.68	4.0249999999999994e-68	p282458 VI_10890	PHANOTATE	CDS	mmseqs	test50	20332_19565	phrog_2776	19.2	0.112	4.97	#c9c9c9	hypothetical protein	unknown function
20861	20325	-	test	-203560.90440218968	test51 20861_20325	1080	213.0	0.63	1.355e-65	NC_024360_p172	PHANOTATE	CDS	mmseqs	test51	20861_20325	phrog_33088	20.1	0.149	4.17	#c9c9c9	hypothetical protein	unknown function
21236	20925	-	test	-9934.836929647388	test52 21236_20925	3644	268.0	1.0	2.179e-86	JX080301_p157	PHANOTATE	CDS	mmseqs	test52	21236_20925	phrog_34307	21.0	0.027	2.66	#c9c9c9	hypothetical protein	unknown function
21591	21223	-	test	-4246.3510514967	test53 21591_21223	2892	175.0	0.774	7.214e-54	KP881332_p99	PHANOTATE	CDS	mmseqs	test53	21591_21223	phrog_2313	29.3	0.153	0.0519	#c9c9c9	hypothetical protein	unknown function
22855	21605	-	test	-4012570129080565.0	test54 22855_21605	284	183.0	0.365	9.946e-52	NC_021330_p34	PHANOTATE	CDS	mmseqs	test54	22855_21605	phrog_7339	50.5	0.163	3.75e-06	#ffdf59	exonuclease	DNA, RNA and nucleotide metabolism
23603	22848	-	test	-36162801.31215763	test55 23603_22848	2721	479.0	0.91	1.272e-156	JX080303_p156	PHANOTATE	CDS	mmseqs	test55	23603_22848	phrog_1850	25.2	0.048	0.326	#c9c9c9	hypothetical protein	unknown function
23867	23607	-	test	-218.70133469460177	test56 23867_23607	2673	182.0	0.988	7.922000000000001e-57	JX080303_p155	PHANOTATE	CDS	mmseqs	test56	23867_23607	phrog_2376	24.1	0.023	0.528	#c9c9c9	hypothetical protein	unknown function
24190	23963	-	test	-3907.9096609128496	test57 24190_23963	1696	90.0	0.625	4.672000000000001e-25	MF678790_p61	PHANOTATE	CDS	mmseqs	test57	24190_23963	phrog_341	81.5	0.12	3.26e-12	#07e9a2	major tail protein	tail
24726	24205	-	test	-20430.333925639345	test58 24726_24205	341	177.0	0.579	2.109e-53	p82046 VI_05313	PHANOTATE	CDS	mmseqs	test58	24726_24205	phrog_1696	92.8	0.342	2.12e-14	#07e9a2	major tail protein	tail
25372	24740	-	test	-2583421.643493207	test59 25372_24740	1240	166.0	0.566	5.174e-50	NC_027355_p165	PHANOTATE	CDS	mmseqs	test59	25372_24740	phrog_27421	20.4	0.1	3.37	#838383	Ig domain containing protein	other
25494	25396	-	test	-0.1807053360677703	test60 25494_25396	22105	23.4	0.109	0.922	NA	PHANOTATE	CDS	hmm	test60	25494_25396	phrog_22105	23.4	0.109	0.922	#c9c9c9	hypothetical protein	unknown function
26162	25500	-	test	-32965582.50899987	test61 26162_25500	1025	213.0	0.608	1.991e-65	NC_011421_p154	PHANOTATE	CDS	mmseqs	test61	26162_25500	phrog_15023	18.8	0.054	6.99	#a861e3	RNA polymerase sigma factor	transcription regulation
26502	26149	-	test	-4991.089323585783	test62 26502_26149	1089	166.0	0.699	1.17e-50	NC_024787_p156	PHANOTATE	CDS	mmseqs	test62	26502_26149	phrog_19316	21.9	0.091	1.82	#c9c9c9	hypothetical protein	unknown function
27762	26506	-	test	-468417371509333.25	test63 27762_26506	97	427.0	0.563	2.4859999999999998e-135	NC_023573_p129	PHANOTATE	CDS	mmseqs	test63	27762_26506	phrog_8290	191.0	0.562	1.58e-33	#838383	UvsX-like recombinase	other
29093	27822	-	test	-711471141332.3022	test64 29093_27822	2672	861.0	0.965	1.777e-285	KP687431_p94	PHANOTATE	CDS	mmseqs	test64	29093_27822	phrog_1867	174.5	0.166	2.3099999999999998e-30	#c9c9c9	hypothetical protein	unknown function
29662	29180	-	test	-3708447.6531643206	test65 29662_29180	1069	230.0	0.709	3.594e-72	MH107769_p149	PHANOTATE	CDS	mmseqs	test65	29662_29180	phrog_2058	72.6	0.182	1.97e-10	#c9c9c9	hypothetical protein	unknown function
29921	29679	-	test	-630.4996215584616	test66 29921_29679	3621	195.0	1.0	1.72e-61	NC_019726_p198	PHANOTATE	CDS	mmseqs	test66	29921_29679	phrog_11817	22.9	0.237	1.12	#c9c9c9	hypothetical protein	unknown function
30850	29990	-	test	-131691656.96264768	test67 30850_29990	2573	350.0	0.634	1.9219999999999998e-111	NC_028962_p70	PHANOTATE	CDS	mmseqs	test67	30850_29990	phrog_5995	339.1	0.496	1.5799999999999999e-62	#ffdf59	DNA polymerase	DNA, RNA and nucleotide metabolism
30919	31023	+	test	-0.2618134238398226	test68 30919_31023	738	18.9	0.07	6.17	NA	PHANOTATE	CDS	hmm	test68	30919_31023	phrog_738	18.9	0.07	6.17	#c9c9c9	hypothetical protein	unknown function
31791	31084	-	test	-4501834.856915765	test69 31791_31084	59	113.0	0.461	1.7330000000000002e-31	MG812495_p46	PHANOTATE	CDS	mmseqs	test69	31791_31084	phrog_59	115.6	0.18	5.37e-19	#ffdf59	HNH endonuclease	DNA, RNA and nucleotide metabolism
31993	31898	-	test	-0.989739125501177	test70 31993_31898	4520	17.1	0.14	15.5	NA	PHANOTATE	CDS	hmm	test70	31993_31898	phrog_4520	17.1	0.14	15.5	#c9c9c9	hypothetical protein	unknown function
33402	32059	-	test	-2335770983641.037	test71 33402_32059	4008	129.0	0.793	3.1920000000000003e-34	NC_025426_p41	PHANOTATE	CDS	mmseqs	test71	33402_32059	phrog_17	46.2	0.019	2.31e-05	#ffdf59	DNA polymerase	DNA, RNA and nucleotide metabolism
34050	33538	-	test	-22.711108335850852	test72 34050_33538	2340	216.0	0.641	6.654e-67	MH107769_p146	PHANOTATE	CDS	mmseqs	test72	34050_33538	phrog_11793	78.4	0.308	1.56e-11	#ffdf59	endonuclease	DNA, RNA and nucleotide metabolism
35088	34216	-	test	-1760856877.181723	test73 35088_34216	4008	541.0	0.892	1.735e-175	NC_025426_p41	PHANOTATE	CDS	mmseqs	test73	35088_34216	phrog_9843	20.7	0.125	2.87	#ffdf59	DNA polymerase	DNA, RNA and nucleotide metabolism
35469	35164	-	test	-1605.300122677734	test74 35469_35164	379	94.0	0.479	1.318e-25	KY554777_p175	PHANOTATE	CDS	mmseqs	test74	35469_35164	phrog_27663	24.8	0.176	0.492	#ffdf59	DNA binding protein	DNA, RNA and nucleotide metabolism
36075	35479	-	test	-6199567.635629212	test75 36075_35479	1054	274.0	0.697	1.04e-85	NC_012530_p148	PHANOTATE	CDS	mmseqs	test75	36075_35479	phrog_20867	18.0	0.037	10.1	#c9c9c9	hypothetical protein	unknown function
36146	36253	+	test	-0.233301514099177	test76 36146_36253	25992	21.9	0.075	1.77	NA	PHANOTATE	CDS	hmm	test76	36146_36253	phrog_25992	21.9	0.075	1.77	#c9c9c9	hypothetical protein	unknown function
36602	36282	-	test	-1066.6985569690053	test77 36602_36282	22	40.0	0.276	2.826e-07	KX925554_p168	PHANOTATE	CDS	mmseqs	test77	36602_36282	phrog_29958	19.7	0.104	4.68	#ffdf59	thioredoxin domain	DNA, RNA and nucleotide metabolism
36915	36586	-	test	-13644.226374654503	test78 36915_36586	2797	195.0	0.853	6.846e-61	NC_020877_p61	PHANOTATE	CDS	mmseqs	test78	36915_36586	phrog_11480	20.1	0.118	4.0	#c9c9c9	hypothetical protein	unknown function
37982	36933	-	test	-74018710822.32727	test79 37982_36933	86	222.0	0.39	1.9e-65	KT995480_p118	PHANOTATE	CDS	mmseqs	test79	37982_36933	phrog_24856	218.1	0.394	8.04e-39	#ffdf59	ribonucleoside diphosphate reductase small subunit	DNA, RNA and nucleotide metabolism
40110	37996	-	test	-1.6690325595975536e+20	test80 40110_37996	3844	350.0	0.423	4.6850000000000005e-108	KX507046_p55	PHANOTATE	CDS	mmseqs	test80	40110_37996	phrog_3844	392.3	0.247	6.22e-73	#ff59f5	NrdA-like aerobic NDP reductase large subunit	moron, auxiliary metabolic gene and host takeover
40517	40125	-	test	-430.9106593711701	test81 40517_40125	883	108.0	0.484	2.1760000000000002e-30	KY554770_p110	PHANOTATE	CDS	mmseqs	test81	40517_40125	phrog_26728	22.5	0.13	1.35	#ff59f5	flavodoxin	moron, auxiliary metabolic gene and host takeover
41142	40534	-	test	-4676.623894418509	test82 41142_40534	244	113.0	0.457	1.727e-31	KY926791_p64	PHANOTATE	CDS	mmseqs	test82	41142_40534	phrog_20505	18.1	0.032	9.75	#ffdf59	RusA-like Holliday junction resolvase	DNA, RNA and nucleotide metabolism
41581	41129	-	test	-96874.44043635568	test83 41581_41129	1095	106.0	0.454	1.201e-29	NC_024137_p119	PHANOTATE	CDS	mmseqs	test83	41581_41129	phrog_37518	17.1	0.066	15.6	#c9c9c9	hypothetical protein	unknown function
41919	41581	-	test	-19882.051973164	test84 41919_41581	1291	105.0	0.526	1.075e-29	NC_027366_p132	PHANOTATE	CDS	mmseqs	test84	41919_41581	phrog_1698	19.9	0.015	3.48	#c9c9c9	hypothetical protein	unknown function
43053	41986	-	test	-1338064518995.2402	test85 43053_41986	32622	178.0	1.0	7.9710000000000005e-56	NC_025426_p30	PHANOTATE	CDS	mmseqs	test85	43053_41986	phrog_47	159.9	0.141	1.09e-27	#ffdf59	DNA primase/helicase	DNA, RNA and nucleotide metabolism
43664	43068	-	test	-7918989.165391251	test86 43664_43068	1070	162.0	0.459	5.988e-48	DQ004855_p48	PHANOTATE	CDS	mmseqs	test86	43664_43068	phrog_11149	17.8	0.03	11.3	#ff59f5	anti-sigma factor	moron, auxiliary metabolic gene and host takeover
45583	43664	-	test	-2.75345000789345e+18	test87 45583_43664	21388	246.0	0.807	8.834e-78	KX532239_p86	PHANOTATE	CDS	mmseqs	test87	45583_43664	phrog_21388	274.4	0.721	7.76e-50	#ffdf59	exonuclease	DNA, RNA and nucleotide metabolism
45960	45583	-	test	-53932.60129065396	test88 45960_45583	2773	132.0	0.791	1.8099999999999998e-39	KP881332_p67	PHANOTATE	CDS	mmseqs	test88	45960_45583	phrog_1174	42.2	0.163	0.000163	#c9c9c9	hypothetical protein	unknown function
46997	45960	-	test	-853744941284.1343	test89 46997_45960	100	151.0	0.296	3.6759999999999997e-41	NC_031107_p32	PHANOTATE	CDS	mmseqs	test89	46997_45960	phrog_1649	55.0	0.086	4.08e-07	#ffdf59	SbcD-like subunit of palindrome specific endonuclease	DNA, RNA and nucleotide metabolism
48518	47076	-	test	-54071479640817.61	test90 48518_47076	19	158.0	0.272	4.656e-43	p414569 VI_10123	PHANOTATE	CDS	mmseqs	test90	48518_47076	phrog_239	83.3	0.074	1.19e-12	#ffdf59	DnaB-like replicative helicase	DNA, RNA and nucleotide metabolism
50124	48511	-	test	-561544139635814.8	test91 50124_48511	1098	478.0	0.499	8.645e-151	NC_009904_p44	PHANOTATE	CDS	mmseqs	test91	50124_48511	phrog_9285	34.1	0.093	0.006	#ffdf59	HTH DNA binding protein	DNA, RNA and nucleotide metabolism
51884	50136	-	test	-2.932082031226249e+19	test92 51884_50136	9690	351.0	0.605	3.158e-111	MF001355_p164	PHANOTATE	CDS	mmseqs	test92	51884_50136	phrog_14619	375.1	0.695	1.64e-69	#ffdf59	DNA helicase	DNA, RNA and nucleotide metabolism
53352	51976	-	test	-89264309.37241413	test93 53352_51976	2691	878.0	0.916	8.643999999999999e-291	NC_025426_p19	PHANOTATE	CDS	mmseqs	test93	53352_51976	phrog_2665	51.7	0.077	2.52e-06	#07e9a2	tail fiber protein	tail
53733	53359	-	test	-18140.244884600706	test94 53733_53359	2671	228.0	0.876	4.392e-72	NC_025426_p18	PHANOTATE	CDS	mmseqs	test94	53733_53359	phrog_300	36.7	0.155	0.00201	#07e9a2	tail fiber protein	tail
55678	53756	-	test	-62703086900056.93	test95 55678_53756	2665	1274.0	0.947	0.0	NC_025426_p17	PHANOTATE	CDS	mmseqs	test95	55678_53756	phrog_16381	45.8	0.019	3.9e-05	#3e83f6	virion structural protein	head and packaging
55837	55679	-	test	-191.00431303348444	test96 55837_55679	1074	59.0	0.512	3.742e-14	DQ004855_p38	PHANOTATE	CDS	mmseqs	test96	55837_55679	phrog_13897	22.9	0.14	1.08	#c9c9c9	hypothetical protein	unknown function
59344	55886	-	test	-8.225949685317655e+30	test97 59344_55886	877	1601.0	0.711	0.0	NC_020871_p97	PHANOTATE	CDS	mmseqs	test97	59344_55886	phrog_5986	535.5	0.241	6.51e-101	#c9c9c9	hypothetical protein	unknown function
59886	59365	-	test	-1197105.269003064	test98 59886_59365	1394	174.0	0.553	1.029e-52	p52190 VI_08944	PHANOTATE	CDS	mmseqs	test98	59886_59365	phrog_4411	71.9	0.153	2.93e-10	#3e83f6	virion structural protein	head and packaging
62951	59997	-	test	-1.3760467041590285e+28	test99 62951_59997	2386	1525.0	0.768	0.0	NC_020871_p95	PHANOTATE	CDS	mmseqs	test99	62951_59997	phrog_7378	437.9	0.277	8e-82	#3e83f6	virion structural protein	head and packaging
64123	63077	-	test	-8792390067.21425	test100 64123_63077	6	73.0	0.232	8.434e-16	p248291 VI_09499	PHANOTATE	CDS	mmseqs	test100	64123_63077	phrog_1608	47.0	0.203	1.86e-05	#07e9a2	baseplate protein	tail
64842	64138	-	test	-4710843454.12975	test101 64842_64138	975	336.0	0.716	1.667e-107	NC_020871_p93	PHANOTATE	CDS	mmseqs	test101	64842_64138	phrog_120	50.2	0.153	3.6e-06	#07e9a2	baseplate protein	tail
65366	64842	-	test	-1967191.0060964653	test102 65366_64842	1073	230.0	0.661	6.810000000000001e-72	FR852584_p32	PHANOTATE	CDS	mmseqs	test102	65366_64842	phrog_16939	16.6	0.027	19.6	#c9c9c9	hypothetical protein	unknown function
66157	65366	-	test	-288812518.88289374	test103 66157_65366	1011	274.0	0.583	2.271e-85	MF288921_p99	PHANOTATE	CDS	mmseqs	test103	66157_65366	phrog_13271	17.4	0.11	13.5	#3e83f6	virion structural protein	head and packaging
68810	66264	-	test	-1.5097397142583e+24	test104 68810_66264	2204	1454.0	0.832	0.0	JX080300_p112	PHANOTATE	CDS	mmseqs	test104	68810_66264	phrog_24418	586.9	0.342	6.8e-111	#838383	glycerophosphoryl diester phosphodiesterase	other
69697	68810	-	test	-244231227828.1444	test105 69697_68810	2677	529.0	0.862	4.069e-173	JX080300_p111	PHANOTATE	CDS	mmseqs	test105	69697_68810	phrog_1015	53.3	0.046	1.07e-06	#07e9a2	tail protein with lysin activity	tail
72137	69711	-	test	-2.7056007196702964e+26	test106 72137_69711	1015	722.0	0.568	7.793e-232	NC_024213_p98	PHANOTATE	CDS	mmseqs	test106	72137_69711	phrog_28649	38.7	0.078	0.000937	#07e9a2	tail protein with lysin activity	tail
76274	72216	-	test	-8.631577150930595e+35	test107 76274_72216	1047	957.0	0.528	3.172e-308	KP881332_p40	PHANOTATE	CDS	mmseqs	test107	76274_72216					#07e9a2	tail associated lysin	tail
76863	76327	-	test	-569136.5006390194	test108 76863_76327	1316	171.0	0.507	2.738e-51	NC_022763_p89	PHANOTATE	CDS	mmseqs	test108	76863_76327					#ffdf59	RNA polymerase beta subunit	DNA, RNA and nucleotide metabolism
77365	76907	-	test	-7122.475859909574	test109 77365_76907	1038	228.0	0.735	1.2030000000000001e-71	KY581279_p99	PHANOTATE	CDS	mmseqs	test109	77365_76907					#07e9a2	tail assembly chaperone	tail
77808	77497	-	test	-39109.256383063905	test110 77808_77497	2754	220.0	1.0	6.41e-70	KY581279_p98	PHANOTATE	CDS	mmseqs	test110	77808_77497					#3e83f6	virion structural protein	head and packaging
78084	77890	-	test	-27.41231959260871	test111 78084_77890	4320	136.0	1.0	3.0189999999999997e-41	NC_022918_p107	PHANOTATE	CDS	mmseqs	test111	78084_77890					#c9c9c9	hypothetical protein	unknown function
78555	78097	-	test	-38623.83957934103	test112 78555_78097	1905	170.0	0.595	1.858e-51	MG708276_p44	PHANOTATE	CDS	mmseqs	test112	78555_78097					#c9c9c9	hypothetical protein	unknown function
78738	78598	-	test	-12.172450188445017	test113 78738_78598	2701	70.0	0.797	1.003e-18	NC_014661_p3	PHANOTATE	CDS	mmseqs	test113	78738_78598					#c9c9c9	hypothetical protein	unknown function
79263	78835	-	test	-19287.37637628536	test114 79263_78835	985	260.0	0.875	5.885e-83	NC_022918_p104	PHANOTATE	CDS	mmseqs	test114	79263_78835					#3e83f6	virion structural protein	head and packaging
81099	79336	-	test	-6.147791806994468e+16	test115 81099_79336	279	252.0	0.33	1.845e-74	p47709 VI_05997	PHANOTATE	CDS	mmseqs	test115	81099_79336					#07e9a2	tail sheath	tail
81341	81126	-	test	-113.06165424020239	test116 81341_81126	1151	104.0	0.768	4.115e-30	NC_031056_p197	PHANOTATE	CDS	mmseqs	test116	81341_81126					#c9c9c9	hypothetical protein	unknown function
82179	81343	-	test	-2594581689.472737	test117 82179_81343	1000	295.0	0.57	2.929e-92	NC_028982_p94	PHANOTATE	CDS	mmseqs	test117	82179_81343					#c9c9c9	hypothetical protein	unknown function
82818	82198	-	test	-31920.42250775023	test118 82818_82198	1127	310.0	0.742	6.332e-99	KU737346_p88	PHANOTATE	CDS	mmseqs	test118	82818_82198					#c9c9c9	hypothetical protein	unknown function
83696	82818	-	test	-1051825281.6132516	test119 83696_82818	1004	352.0	0.768	6.123e-113	NC_019487_p144	PHANOTATE	CDS	mmseqs	test119	83696_82818					#3e83f6	virion structural protein	head and packaging
84618	83710	-	test	-3120848243.5527563	test120 84618_83710	772	407.0	0.794	1.3090000000000002e-131	NC_022090_p13	PHANOTATE	CDS	mmseqs	test120	84618_83710	phrog_38131	99.5	0.853	1.22e-15	#07e9a2	tail fiber protein	tail
84927	84631	-	test	-125.58312599369631	test121 84927_84631	1205	89.0	0.617	1.469e-24	NC_022090_p12	PHANOTATE	CDS	mmseqs	test121	84927_84631	phrog_9462	40.7	0.132	0.000386	#c9c9c9	hypothetical protein	unknown function
86410	85019	-	test	-553643962899.7311	test122 86410_85019	752	548.0	0.595	3.304e-176	p62610 VI_12390	PHANOTATE	CDS	mmseqs	test122	86410_85019	phrog_1028	61.3	0.082	2.98e-08	#3e83f6	major head protein	head and packaging
87482	86526	-	test	-30544511050.75646	test123 87482_86526	1133	144.0	0.367	3.75e-40	KJ591605_p133	PHANOTATE	CDS	mmseqs	test123	87482_86526	phrog_10366	12.9	0.0	98.0	#c9c9c9	hypothetical protein	unknown function
88241	87501	-	test	-28102309.52420601	test124 88241_87501	1028	419.0	0.823	1.48e-135	MF001365_p35	PHANOTATE	CDS	mmseqs	test124	88241_87501	phrog_38466	191.3	0.481	1.38e-33	#3e83f6	head maturation protease	head and packaging
90159	88468	-	test	-4.885302909968547e+16	test125 90159_88468	15361	488.0	0.83	8.678e-159	NC_030933_p20	PHANOTATE	CDS	mmseqs	test125	90159_88468	phrog_11117	343.1	0.211	2.83e-63	#3e83f6	portal protein	head and packaging
90474	90163	-	test	-785.4308584854067	test126 90474_90163	1108	137.0	0.801	8.02e-41	NC_030925_p107	PHANOTATE	CDS	mmseqs	test126	90474_90163	phrog_31679	21.6	0.192	2.04	#3e83f6	portal protein	head and packaging
90836	90552	-	test	-729.4411030035334	test127 90836_90552	3937	193.0	0.963	4.231e-60	KJ206562_p90	PHANOTATE	CDS	mmseqs	test127	90836_90552	phrog_7555	206.4	0.984	1.56e-36	#c9c9c9	hypothetical protein	unknown function
92126	90978	-	test	-172547256300.1404	test128 92126_90978	3094	346.0	0.738	2.787e-110	NC_030933_p17	PHANOTATE	CDS	mmseqs	test128	92126_90978	phrog_34732	88.1	0.125	2.11e-13	#c9c9c9	hypothetical protein	unknown function
92698	92219	-	test	-4004939.8871008903	test129 92698_92219	1116	166.0	0.564	9.2e-49	NC_024364_p99	PHANOTATE	CDS	mmseqs	test129	92698_92219	phrog_37949	18.4	0.032	8.95	#c9c9c9	hypothetical protein	unknown function
92784	92695	-	test	-7.620689120820311	test130 92784_92695	3863	66.0	1.0	4.058e-17	KJ206562_p87	PHANOTATE	CDS	mmseqs	test130	92784_92695	phrog_7222	22.9	0.101	1.17	#c9c9c9	hypothetical protein	unknown function
93676	92855	-	test	-103181882112.08813	test131 93676_92855	1917	351.0	0.664	7.5749999999999995e-112	KJ206562_p86	PHANOTATE	CDS	mmseqs	test131	93676_92855	phrog_3810	23.1	0.063	0.776	#3e83f6	virion structural protein	head and packaging
95486	93669	-	test	-3.9297532956545056e+17	test132 95486_93669	675	886.0	0.736	6.596e-291	MF288921_p63	PHANOTATE	CDS	mmseqs	test132	95486_93669	phrog_12876	707.2	0.569	2.07e-134	#3e83f6	terminase large subunit	head and packaging
95827	95501	-	test	-910.083206982661	test133 95827_95501	1063	139.0	0.613	7.309e-41	KY549443_p103	PHANOTATE	CDS	mmseqs	test133	95827_95501	phrog_20084	19.5	0.103	5.01	#3e83f6	terminase small subunit	head and packaging
96186	95908	-	test	-93.83706495597956	test134 96186_95908	1321	145.0	0.76	1.063e-43	NC_018860_p10	PHANOTATE	CDS	mmseqs	test134	96186_95908	phrog_25688	25.2	0.042	0.404	#c9c9c9	hypothetical protein	unknown function
96430	96164	-	test	-297.75926160908847	test135 96430_96164	5547	152.0	0.849	2.422e-46	MH078572_p191	PHANOTATE	CDS	mmseqs	test135	96430_96164	phrog_3395	188.8	0.141	3.97e-33	#ff59f5	membrane protein	moron, auxiliary metabolic gene and host takeover
96504	96596	+	test	-1.4906812448067484	test136 96504_96596	18069	16.8	0.076	18.2	NA	PHANOTATE	CDS	hmm	test136	96504_96596	phrog_18069	16.8	0.076	18.2	#c9c9c9	hypothetical protein	unknown function
96691	96957	+	test	-8.651005973256954	test137 96691_96957	4526	178.0	0.949	2.0680000000000002e-55	JX080303_p80	PHANOTATE	CDS	mmseqs	test137	96691_96957	phrog_25022	21.2	0.104	2.44	#c9c9c9	hypothetical protein	unknown function
96990	97316	+	test	-8.422286936840761	test138 96990_97316	1481	177.0	0.785	1.331e-54	NC_021856_p56	PHANOTATE	CDS	mmseqs	test138	96990_97316	phrog_31738	22.3	0.103	1.5	#c9c9c9	hypothetical protein	unknown function
97329	97661	+	test	-330.9705259121996	test139 97329_97661	937	39.0	0.434	9.299e-07	p288068 VI_01277	PHANOTATE	CDS	mmseqs	test139	97329_97661	phrog_1193	31.9	0.176	0.0146	#838383	hemolysin	other
97674	97883	+	test	-38.630182481246294	test140 97674_97883	1215	96.0	0.652	5.1029999999999996e-27	NC_024787_p72	PHANOTATE	CDS	mmseqs	test140	97674_97883	phrog_1122	31.8	0.203	0.0183	#c9c9c9	hypothetical protein	unknown function
98107	98247	+	test	-1.9885520502810692	test141 98107_98247	16795	17.6	0.094	12.6	NA	PHANOTATE	CDS	hmm	test141	98107_98247	phrog_16795	17.6	0.094	12.6	#c9c9c9	hypothetical protein	unknown function
98361	98579	+	test	-40.354416650713766	test142 98361_98579	1257	115.0	0.814	8.455e-34	NC_024364_p114	PHANOTATE	CDS	mmseqs	test142	98361_98579	phrog_32576	33.7	0.312	0.00898	#ff59f5	ribosome associated inhibitor A; zinc finger domain	moron, auxiliary metabolic gene and host takeover
98829	98659	-	test	-0.051952304707492	test143 98829_98659	23978	19.1	0.176	6.54	NA	PHANOTATE	CDS	hmm	test143	98829_98659	phrog_23978	19.1	0.176	6.54	#c9c9c9	hypothetical protein	unknown function
98937	98830	-	test	-2.0788471170375584	test144 98937_98830	23327	19.0	0.054	6.47	NA	PHANOTATE	CDS	hmm	test144	98937_98830	phrog_23327	19.0	0.054	6.47	#c9c9c9	hypothetical protein	unknown function
99328	99450	+	test	-0.5031256620280243	test145 99328_99450	34038	18.7	0.123	7.8	NA	PHANOTATE	CDS	hmm	test145	99328_99450	phrog_34038	18.7	0.123	7.8	#c9c9c9	hypothetical protein	unknown function
99724	99620	-	test	-1.064156206917744	test146 99724_99620	839	20.4	0.051	2.7	NA	PHANOTATE	CDS	hmm	test146	99724_99620	phrog_839	20.4	0.051	2.7	#c9c9c9	hypothetical protein	unknown function
100063	99935	-	test	-0.0922905626440874	test147 100063_99935	17435	21.4	0.105	2.26	NA	PHANOTATE	CDS	hmm	test147	100063_99935	phrog_17435	21.4	0.105	2.26	#c9c9c9	hypothetical protein	unknown function
100126	100311	+	test	-265.80155533618705	test148 100126_100311	987	83.0	0.66	1.006e-22	p92466 VI_00133	PHANOTATE	CDS	mmseqs	test148	100126_100311	phrog_22283	19.8	0.067	4.77	#c9c9c9	hypothetical protein	unknown function
100396	100899	+	test	-74196.23655561202	test149 100396_100899	962	175.0	0.701	1.3579999999999998e-53	p185654 VI_04542	PHANOTATE	CDS	mmseqs	test149	100396_100899	phrog_297	96.5	0.417	3.38e-15	#f35f49	holin	lysis
100899	101756	+	test	-8050694.893901155	test150 100899_101756	635	233.0	0.316	5.112e-68	p151018 VI_04917	PHANOTATE	CDS	mmseqs	test150	100899_101756	phrog_489	119.3	0.083	1.54e-19	#f35f49	endolysin	lysis
101869	102177	+	test	-41815.0191682525	test151 101869_102177	3667	239.0	1.0	2.16e-76	KR902361_p79	PHANOTATE	CDS	mmseqs	test151	101869_102177	phrog_7845	31.4	0.182	0.0242	#c9c9c9	hypothetical protein	unknown function
102177	102968	+	test	-77981198063.24973	test152 102177_102968	200	150.0	0.373	2.2810000000000002e-42	p13345 VI_10141	PHANOTATE	CDS	mmseqs	test152	102177_102968	phrog_11908	24.2	0.05	0.57	#838383	lipoprotein	other
103035	103670	+	test	-240356.7820098064	test153 103035_103670	3377	123.0	0.66	3.431e-34	NC_027355_p168	PHANOTATE	CDS	mmseqs	test153	103035_103670	phrog_8790	126.1	0.22	7.080000000000001e-21	#ffdf59	HNH endonuclease	DNA, RNA and nucleotide metabolism
103857	104549	+	test	-1721278.4106624508	test154 103857_104549	3310	360.0	0.792	5.387000000000001e-116	NC_007021_p174	PHANOTATE	CDS	mmseqs	test154	103857_104549	phrog_3504	52.2	0.351	2.11e-06	#838383	transglycosylase	other
104659	104886	+	test	-6105.310508538895	test155 104659_104886	2770	140.0	0.883	1.2360000000000001e-42	NC_025426_p183	PHANOTATE	CDS	mmseqs	test155	104659_104886	phrog_6196	25.5	0.075	0.36	#c9c9c9	hypothetical protein	unknown function
104889	105119	+	test	-1812.8591754348583	test156 104889_105119	3	36.0	0.323	2.821e-06	p29899 VI_00998	PHANOTATE	CDS	mmseqs	test156	104889_105119	phrog_2439	42.0	0.039	0.000155	#a861e3	transcriptional repressor	transcription regulation
105109	105750	+	test	-55793955.54996467	test157 105109_105750	2896	313.0	0.727	6.686e-100	NC_019511_p175	PHANOTATE	CDS	mmseqs	test157	105109_105750	phrog_37347	31.8	0.129	0.0211	#c9c9c9	hypothetical protein	unknown function
105773	105964	+	test	-444.86384831575384	test158 105773_105964	2706	130.0	0.96	3.497e-39	JX080303_p65	PHANOTATE	CDS	mmseqs	test158	105773_105964	phrog_18921	23.8	0.078	0.786	#c9c9c9	hypothetical protein	unknown function
105954	106379	+	test	-54675.350366293314	test159 105954_106379	25616	113.0	0.764	3.319e-33	NC_030933_p170	PHANOTATE	CDS	mmseqs	test159	105954_106379	phrog_531	101.2	0.146	3.94e-16	#ffdf59	Rnase H	DNA, RNA and nucleotide metabolism
106395	107009	+	test	-2771561218.865537	test160 106395_107009	2995	403.0	0.937	3.7570000000000005e-131	MG721208_p172	PHANOTATE	CDS	mmseqs	test160	106395_107009	phrog_35598	17.2	0.045	15.0	#c9c9c9	hypothetical protein	unknown function
107061	107801	+	test	-47314452.04083797	test161 107061_107801	170	145.0	0.429	2.9989999999999996e-41	KT995480_p45	PHANOTATE	CDS	mmseqs	test161	107061_107801	phrog_2765	98.8	0.104	1.38e-15	#838383	PhoH-like phosphate starvation-inducible	other
107870	108094	+	test	-1166.2702261305042	test162 107870_108094	3093	94.0	0.631	1.934e-26	NC_023582_p63	PHANOTATE	CDS	mmseqs	test162	107870_108094	phrog_23414	23.8	0.175	0.771	#c9c9c9	hypothetical protein	unknown function
108094	108990	+	test	-521533592520.43335	test163 108094_108990	548	204.0	0.42	2.3689999999999998e-60	NC_028887_p254	PHANOTATE	CDS	mmseqs	test163	108094_108990	phrog_24030	43.3	0.107	0.000115	#ffdf59	RNA ligase	DNA, RNA and nucleotide metabolism
108983	109609	+	test	-194083357.0261905	test164 108983_109609	1817	354.0	0.822	4.374e-114	NC_029080_p59	PHANOTATE	CDS	mmseqs	test164	108983_109609	phrog_15460	19.4	0.088	5.39	#ffdf59	nucleoside 2-deoxyribosyltransferase	DNA, RNA and nucleotide metabolism
109602	110180	+	test	-58970.45285128581	test165 109602_110180	2642	331.0	0.83	2.503e-106	KP687431_p208	PHANOTATE	CDS	mmseqs	test165	109602_110180	phrog_33985	103.7	0.543	1.89e-16	#c9c9c9	hypothetical protein	unknown function
110187	110360	+	test	-1.307827921551396	test166 110187_110360	1274	106.0	0.902	8.606000000000001e-31	p104578 VI_00510	PHANOTATE	CDS	mmseqs	test166	110187_110360	phrog_14367	46.7	0.108	2.27e-05	#f35f49	lysM motif protein	lysis
110377	110640	+	test	-51921.00369482049	test167 110377_110640	2811	161.0	0.878	1.161e-49	KJ206562_p56	PHANOTATE	CDS	mmseqs	test167	110377_110640	phrog_2486	23.0	0.147	0.96	#3e83f6	virion structural protein	head and packaging
110718	112766	+	test	-6.628453737705695e+27	test168 110718_112766	3200	1464.0	1.0	0.0	KJ206562_p55	PHANOTATE	CDS	mmseqs	test168	110718_112766	phrog_28566	369.5	0.51	2.14e-68	#c9c9c9	hypothetical protein	unknown function
112766	112927	+	test	-239.40366001404945	test169 112766_112927	2966	119.0	1.0	7.926e-36	KJ206562_p54	PHANOTATE	CDS	mmseqs	test169	112766_112927	phrog_7824	20.6	0.187	3.21	#c9c9c9	hypothetical protein	unknown function
112971	113159	+	test	-203.0629968925961	test170 112971_113159	3048	128.0	0.963	1.18e-38	KJ206562_p53	PHANOTATE	CDS	mmseqs	test170	112971_113159	phrog_17135	21.9	0.121	1.79	#c9c9c9	hypothetical protein	unknown function
113159	113461	+	test	-13877.31756503078	test171 113159_113461	1992	111.0	0.373	1.455e-30	p247154 VI_04561	PHANOTATE	CDS	mmseqs	test171	113159_113461	phrog_715	164.5	0.177	2.16e-28	#838383	MazG-like pyrophosphatase	other
113595	114011	+	test	-16285168.210062549	test172 113595_114011	2708	269.0	0.922	6.41e-86	KJ206562_p51	PHANOTATE	CDS	mmseqs	test172	113595_114011	phrog_1689	54.0	0.103	7.39e-07	#838383	nucleotide kinase	other
114004	114330	+	test	-282.7247401887595	test173 114004_114330	2861	134.0	0.89	1.606e-40	NC_025426_p166	PHANOTATE	CDS	mmseqs	test173	114004_114330	phrog_10773	17.0	0.007	15.0	#c9c9c9	hypothetical protein	unknown function
114468	114361	-	test	-0.1719347141647605	test174 114468_114361	16811	17.7	0.111	11.6	NA	PHANOTATE	CDS	hmm	test174	114468_114361	phrog_16811	17.7	0.111	11.6	#c9c9c9	hypothetical protein	unknown function
114484	115602	+	test	-37438427841620.01	test175 114484_115602	20349	212.0	1.0	2.329e-67	KJ206562_p49	PHANOTATE	CDS	mmseqs	test175	114484_115602	phrog_249	210.8	0.114	1.69e-37	#c9c9c9	hypothetical protein	unknown function
115614	116459	+	test	-6035253335.254223	test176 115614_116459	1909	285.0	0.542	5.42e-89	NC_028778_p121	PHANOTATE	CDS	mmseqs	test176	115614_116459	phrog_35469	18.6	0.165	8.17	#c9c9c9	hypothetical protein	unknown function
116459	116734	+	test	-154.82239849176165	test177 116459_116734	3751	179.0	0.916	1.3380000000000001e-55	AP018375_p26	PHANOTATE	CDS	mmseqs	test177	116459_116734	phrog_4237	28.7	0.033	0.0709	#ff59f5	membrane protein	moron, auxiliary metabolic gene and host takeover
116737	116901	+	test	-202.56927644056768	test178 116737_116901	152	67.0	0.627	1.579e-17	p296456 VI_05035	PHANOTATE	CDS	mmseqs	test178	116737_116901	phrog_6995	20.0	0.009	4.15	#a861e3	RinB-like transcriptional activator	transcription regulation
116904	117437	+	test	-863162.1902258749	test179 116904_117437	3702	436.0	1.0	4.3690000000000005e-143	AP018375_p24	PHANOTATE	CDS	mmseqs	test179	116904_117437	phrog_25232	23.1	0.084	1.01	#c9c9c9	hypothetical protein	unknown function
117437	117979	+	test	-703551130.9288517	test180 117437_117979	3635	430.0	1.0	4.188e-141	KY581279_p34	PHANOTATE	CDS	mmseqs	test180	117437_117979	phrog_784	21.4	0.041	1.99	#c9c9c9	hypothetical protein	unknown function
118029	118511	+	test	-61741.38078236846	test181 118029_118511	3319	333.0	0.98	8.279e-108	KY581279_p33	PHANOTATE	CDS	mmseqs	test181	118029_118511	phrog_37006	17.1	0.083	15.6	#c9c9c9	hypothetical protein	unknown function
118552	118725	+	test	-475.3575900366288	test182 118552_118725	3504	144.0	1.0	2.8659999999999997e-44	MG721208_p193	PHANOTATE	CDS	mmseqs	test182	118552_118725	phrog_3310	57.2	0.086	2.13e-07	#c9c9c9	hypothetical protein	unknown function
118824	119213	+	test	-407908.7303613936	test183 118824_119213	2164	109.0	0.435	8.065000000000001e-30	KJ829260_p111	PHANOTATE	CDS	mmseqs	test183	118824_119213	phrog_28554	65.9	0.174	4.52e-09	#c9c9c9	hypothetical protein	unknown function
119215	119454	+	test	-729.9125568979039	test184 119215_119454	3697	193.0	1.0	7.953e-61	MG721208_p195	PHANOTATE	CDS	mmseqs	test184	119215_119454	phrog_12286	33.7	0.189	0.00864	#c9c9c9	hypothetical protein	unknown function
119466	119570	+	test	-52.10564868809157	test185 119466_119570	5230	84.0	1.0	7.315e-24	MG721208_p196	PHANOTATE	CDS	mmseqs	test185	119466_119570	phrog_5054	22.5	0.095	1.36	#c9c9c9	hypothetical protein	unknown function
119633	120370	+	test	-196651288.060665	test186 119633_120370	3464	552.0	1.0	6.091e-182	MG721208_p197	PHANOTATE	CDS	mmseqs	test186	119633_120370	phrog_388	28.8	0.04	0.0541	#ffdf59	nucleotidyltransferase	DNA, RNA and nucleotide metabolism
120360	120554	+	test	-164.77284551808864	test187 120360_120554	3950	169.0	1.0	8.944e-53	KJ206562_p36	PHANOTATE	CDS	mmseqs	test187	120360_120554	phrog_2008	21.7	0.086	1.71	#c9c9c9	hypothetical protein	unknown function
120555	120773	+	test	-326.32999840581493	test188 120555_120773	3686	179.0	1.0	3.593e-56	KJ206562_p35	PHANOTATE	CDS	mmseqs	test188	120555_120773	phrog_20694	18.6	0.038	7.77	#c9c9c9	hypothetical protein	unknown function
120777	121325	+	test	-47251374.72079742	test189 120777_121325	2948	335.0	0.88	3.552e-108	KJ206562_p34	PHANOTATE	CDS	mmseqs	test189	120777_121325	phrog_28585	18.3	0.034	8.83	#c9c9c9	hypothetical protein	unknown function
121440	121541	+	test	-1.764015250828744	test190 121440_121541	18101	18.7	0.046	6.79	NA	PHANOTATE	CDS	hmm	test190	121440_121541	phrog_18101	18.7	0.046	6.79	#c9c9c9	hypothetical protein	unknown function
121541	121741	+	test	-7.53218012206407	test191 121541_121741	27748	168.0	1.0	1.866e-52	KY779849_p45	PHANOTATE	CDS	mmseqs	test191	121541_121741	phrog_32769	17.4	0.121	14.1	#c9c9c9	hypothetical protein	unknown function
121819	121947	+	test	-0.1872241174146763	test192 121819_121947	38175	20.7	0.121	3.19	NA	PHANOTATE	CDS	hmm	test192	121819_121947	phrog_38175	20.7	0.121	3.19	#c9c9c9	hypothetical protein	unknown function
122120	121944	-	test	-0.0872563463977289	test193 122120_121944	27954	17.7	0.161	12.3	NA	PHANOTATE	CDS	hmm	test193	122120_121944	phrog_27954	17.7	0.161	12.3	#ffdf59	exonuclease	DNA, RNA and nucleotide metabolism
122242	122129	-	test	-0.118215881763202	test194 122242_122129	23421	23.9	0.058	0.738	NA	PHANOTATE	CDS	hmm	test194	122242_122129	phrog_23421	23.9	0.058	0.738	#c9c9c9	hypothetical protein	unknown function
122311	122628	+	test	-121.09222558897804	test195 122311_122628	4178	203.0	0.922	7.75e-64	KJ206562_p33	PHANOTATE	CDS	mmseqs	test195	122311_122628	phrog_29134	77.7	0.183	2.24e-11	#07e9a2	major tail protein	tail
122644	123198	+	test	-29185995.05323406	test196 122644_123198	2981	306.0	0.808	7.027e-98	KJ206562_p32	PHANOTATE	CDS	mmseqs	test196	122644_123198	phrog_11254	23.4	0.021	0.846	#c9c9c9	hypothetical protein	unknown function
123298	124005	+	test	-310702339.2624702	test197 123298_124005	246	100.0	0.346	1.078e-25	p216000 VI_03943	PHANOTATE	CDS	mmseqs	test197	123298_124005	phrog_8238	54.1	0.053	8.28e-07	#838383	NinI-like serine-threonine phosphatase	other
124002	124400	+	test	-324.6806074071941	test198 124002_124400	3857	317.0	1.0	6.497999999999999e-103	KJ206562_p30	PHANOTATE	CDS	mmseqs	test198	124002_124400	phrog_17000	23.1	0.211	1.08	#c9c9c9	hypothetical protein	unknown function
124413	124901	+	test	-121790.45255285398	test199 124413_124901	1017	180.0	0.57	7.809e-54	p137170 VI_02792	PHANOTATE	CDS	mmseqs	test199	124413_124901	phrog_23648	21.2	0.082	2.47	#c9c9c9	hypothetical protein	unknown function
124913	125455	+	test	-64316.268839709504	test200 124913_125455	4045	453.0	1.0	3.444e-149	KJ206562_p28	PHANOTATE	CDS	mmseqs	test200	124913_125455	phrog_4166	17.6	0.111	11.7	#c9c9c9	hypothetical protein	unknown function
125469	125900	+	test	-5606.062940107292	test201 125469_125900	2349	164.0	0.586	1.612e-49	p37356 VI_05911	PHANOTATE	CDS	mmseqs	test201	125469_125900	phrog_14652	30.6	0.13	0.0357	#c9c9c9	hypothetical protein	unknown function
125893	126378	+	test	-610407.6371176873	test202 125893_126378	3619	323.0	0.95	1.692e-104	KP687431_p178	PHANOTATE	CDS	mmseqs	test202	125893_126378	phrog_6447	25.7	0.149	0.317	#c9c9c9	hypothetical protein	unknown function
126375	126566	+	test	-16.04906875334834	test203 126375_126566	4249	150.0	1.0	2.4590000000000003e-46	NC_025417_p25	PHANOTATE	CDS	mmseqs	test203	126375_126566	phrog_2442	24.3	0.222	0.595	#c9c9c9	hypothetical protein	unknown function
126569	127000	+	test	-22096.04467954599	test204 126569_127000	16296	209.0	1.0	1.743e-66	EU418428_p24	PHANOTATE	CDS	mmseqs	test204	126569_127000	phrog_4355	217.9	0.619	8.72e-39	#c9c9c9	hypothetical protein	unknown function
127000	127407	+	test	-19064.435371971216	test205 127000_127407	5770	312.0	1.0	3.493e-101	KY779849_p31	PHANOTATE	CDS	mmseqs	test205	127000_127407	phrog_27231	21.3	0.151	2.39	#c9c9c9	hypothetical protein	unknown function
127420	127905	+	test	-3133023.0134727783	test206 127420_127905	7534	401.0	1.0	1.6830000000000002e-131	KR908644_p62	PHANOTATE	CDS	mmseqs	test206	127420_127905	phrog_16908	16.6	0.103	18.5	#c9c9c9	hypothetical protein	unknown function
127907	128143	+	test	-50.57670920734583	test207 127907_128143	2884	180.0	1.0	2.3e-56	KY779849_p29	PHANOTATE	CDS	mmseqs	test207	127907_128143	phrog_23628	28.0	0.134	0.114	#c9c9c9	hypothetical protein	unknown function
128127	128222	+	test	-0.0671428493818519	test208 128127_128222	7943	19.7	0.115	4.8	NA	PHANOTATE	CDS	hmm	test208	128127_128222	phrog_7943	19.7	0.115	4.8	#ff59f5	membrane protein	moron, auxiliary metabolic gene and host takeover
128393	128292	-	test	-1.6689082636860302	test209 128393_128292	22992	90.0	1.0	5.905e-26	AY954969_p152	PHANOTATE	CDS	mmseqs	test209	128393_128292	phrog_2358	20.7	0.06	2.74	#c9c9c9	hypothetical protein	unknown function
128656	128477	-	test	-131.02573304274085	test210 128656_128477	4863	152.0	1.0	4.1119999999999995e-47	KY581279_p11	PHANOTATE	CDS	mmseqs	test210	128656_128477	phrog_19393	25.3	0.118	0.388	#c9c9c9	hypothetical protein	unknown function
129010	128741	-	test	-6.475398696266184	test211 129010_128741	7733	101.0	1.0	9.142e-30	KY581279_p10	PHANOTATE	CDS	mmseqs	test211	129010_128741	phrog_7733	152.6	1.0	5.1300000000000004e-26	#c9c9c9	hypothetical protein	unknown function
129183	129010	-	test	-17.1759211366418	test212 129183_129010	3789	135.0	1.0	3.0459999999999996e-41	NC_005880_p19	PHANOTATE	CDS	mmseqs	test212	129183_129010	phrog_1244	24.4	0.037	0.43	#c9c9c9	hypothetical protein	unknown function
129712	129242	-	test	-340.69529956773175	test213 129712_129242	2543	102.0	0.599	1.62e-28	NC_020838_p42	PHANOTATE	CDS	mmseqs	test213	129712_129242	phrog_27501	34.4	0.119	0.00634	#c9c9c9	hypothetical protein	unknown function
129695	129793	+	test	-0.0547394633342042	test214 129695_129793	1625	21.1	0.068	2.1	NA	PHANOTATE	CDS	hmm	test214	129695_129793	phrog_1625	21.1	0.068	2.1	#ff59f5	involved in bacteriocin production or immunity	moron, auxiliary metabolic gene and host takeover
130011	129880	-	test	-5.220874873096887	test215 130011_129880	3837	110.0	1.0	6.894e-33	MH107769_p238	PHANOTATE	CDS	mmseqs	test215	130011_129880	phrog_28985	24.4	0.087	0.587	#c9c9c9	hypothetical protein	unknown function
129974	130069	+	test	-0.9163125614060822	test216 129974_130069	21287	19.4	0.057	5.66	NA	PHANOTATE	CDS	hmm	test216	129974_130069	phrog_21287	19.4	0.057	5.66	#ff59f5	membrane associated protein	moron, auxiliary metabolic gene and host takeover
130142	130285	+	test	-0.1676192321322626	test217 130142_130285	4839	16.4	0.08	20.6	NA	PHANOTATE	CDS	hmm	test217	130142_130285	phrog_4839	16.4	0.08	20.6	#c9c9c9	hypothetical protein	unknown function
130407	130895	+	test	-4138.746448943948	test218 130407_130895	59	82.0	0.324	7.363e-21	MG812495_p46	PHANOTATE	CDS	mmseqs	test218	130407_130895	phrog_959	99.6	0.233	8.75e-16	#ffdf59	HNH endonuclease	DNA, RNA and nucleotide metabolism
131103	130963	-	test	-0.0452511722259153	test219 131103_130963	32828	18.2	0.067	9.71	NA	PHANOTATE	CDS	hmm	test219	131103_130963	phrog_32828	18.2	0.067	9.71	#c9c9c9	hypothetical protein	unknown function
131225	131130	-	test	-0.2510286079409943	test220 131225_131130	34074	20.4	0.115	3.41	NA	PHANOTATE	CDS	hmm	test220	131225_131130	phrog_34074	20.4	0.115	3.41	#c9c9c9	hypothetical protein	unknown function
131403	131212	-	test	-135.51269948068537	test221 131403_131212	3388	145.0	1.0	2.071e-44	NC_022918_p13	PHANOTATE	CDS	mmseqs	test221	131403_131212	phrog_16262	179.8	0.301	2.4e-31	#c9c9c9	hypothetical protein	unknown function
131762	131478	-	test	-46.26311242893933	test222 131762_131478	3164	227.0	1.0	2.747e-72	MH107769_p11	PHANOTATE	CDS	mmseqs	test222	131762_131478	phrog_16821	177.0	1.0	8.42e-31	#c9c9c9	hypothetical protein	unknown function
131815	131949	+	test	-0.1272214631300111	test223 131815_131949	35776	19.3	0.041	5.99	NA	PHANOTATE	CDS	hmm	test223	131815_131949	phrog_35776	19.3	0.041	5.99	#c9c9c9	hypothetical protein	unknown function
132276	131968	-	test	-8.234218455064845	test224 132276_131968	2601	184.0	0.861	2.094e-57	NC_020877_p110	PHANOTATE	CDS	mmseqs	test224	132276_131968	phrog_35153	152.8	0.951	4.69e-26	#c9c9c9	hypothetical protein	unknown function
132323	132436	+	test	-0.0691493131859424	test225 132323_132436	27706	19.7	0.074	4.93	NA	PHANOTATE	CDS	hmm	test225	132323_132436	phrog_27706	19.7	0.074	4.93	#c9c9c9	hypothetical protein	unknown function
132608	132450	-	test	-0.1061449681612924	test226 132608_132450	24011	19.4	0.282	5.64	NA	PHANOTATE	CDS	hmm	test226	132608_132450	phrog_24011	19.4	0.282	5.64	#c9c9c9	hypothetical protein	unknown function
132587	132925	+	test	-11987.461521624944	test227 132587_132925	3077	242.0	1.0	3.869e-77	NC_005880_p9	PHANOTATE	CDS	mmseqs	test227	132587_132925	phrog_38429	18.7	0.324	7.66	#c9c9c9	hypothetical protein	unknown function
133479	133132	-	test	-19972.637078846637	test228 133479_133132	3522	289.0	1.0	1.541e-93	NC_005880_p8	PHANOTATE	CDS	mmseqs	test228	133479_133132	phrog_20635	23.2	0.184	0.965	#c9c9c9	hypothetical protein	unknown function
133729	133490	-	test	-175.18927400584403	test229 133729_133490	1099	101.0	0.647	6.631e-29	MH078572_p111	PHANOTATE	CDS	mmseqs	test229	133729_133490	phrog_15489	24.3	0.153	0.611	#c9c9c9	hypothetical protein	unknown function
134064	133807	-	test	-79.89140636257108	test230 134064_133807	1099	101.0	0.655	6.631e-29	MH078572_p111	PHANOTATE	CDS	mmseqs	test230	134064_133807	phrog_24165	20.3	0.021	3.66	#c9c9c9	hypothetical protein	unknown function
134361	134068	-	test	-5251.530241038049	test231 134361_134068	654	122.0	0.628	1.271e-35	MH107769_p227	PHANOTATE	CDS	mmseqs	test231	134361_134068	phrog_12287	28.0	0.11	0.109	#c9c9c9	hypothetical protein	unknown function
134648	134361	-	test	-5715.5579934751995	test232 134648_134361	654	89.0	0.481	6.058e-24	MH107769_p227	PHANOTATE	CDS	mmseqs	test232	134648_134361	phrog_21576	21.7	0.049	1.86	#c9c9c9	hypothetical protein	unknown function
134938	134648	-	test	-844.8299004354573	test233 134938_134648	654	121.0	0.622	3.282e-35	MH107769_p227	PHANOTATE	CDS	mmseqs	test233	134938_134648	phrog_12287	35.2	0.12	0.00424	#c9c9c9	hypothetical protein	unknown function
135230	135045	-	test	-45.73709938721548	test234 135230_135045	3204	107.0	0.828	3.051e-31	KY779849_p3	PHANOTATE	CDS	mmseqs	test234	135230_135045	phrog_7714	20.4	0.174	3.48	#c9c9c9	hypothetical protein	unknown function
135545	135246	-	test	-1040.223548440218	test235 135545_135246	654	125.0	0.631	1.011e-36	MH107769_p227	PHANOTATE	CDS	mmseqs	test235	135545_135246	phrog_12287	39.5	0.13	0.000607	#c9c9c9	hypothetical protein	unknown function
135757	135650	-	test	-2.697491805087496	test236 135757_135650	15570	19.6	0.038	4.78	NA	PHANOTATE	CDS	hmm	test236	135757_135650	phrog_15570	19.6	0.038	4.78	#c9c9c9	hypothetical protein	unknown function
135851	135946	+	test	-3.9611414005884633	test237 135851_135946	18819	17.7	0.078	12.3	NA	PHANOTATE	CDS	hmm	test237	135851_135946	phrog_18819	17.7	0.078	12.3	#c9c9c9	hypothetical protein	unknown function
136116	135925	-	test	-1.1375054486251213	test238 136116_135925	24718	40.0	0.482	1.653e-07	KR908644_p85	PHANOTATE	CDS	mmseqs	test238	136116_135925	phrog_9166	18.7	0.047	7.65	#c9c9c9	hypothetical protein	unknown function
